{"session_file":"17748743787","phone":"17748743787","register_time":1688762759,"app_id":2040,"app_hash":"b18441a1ff607e10a989891a5462e627","sdk":"Windows 8","app_version":"4.3.0","device":"DESKTOP-0OXSBQF","last_check_time":1688762759.980432,"avatar":"5028596574455967022.png","first_name":"Glayds","last_name":"Sutphin","username":"Glayds_Sutphin","sex":0,"lang_pack":"en-us","system_lang_pack":"en-us","proxy":null,"twoFA":"7007","ipv6":false,"status":null,"status_time":null,"user_id":6378352794,"is_old":false}