{"session_file":"17793067967","phone":"17793067967","register_time":1689005452,"app_id":2040,"app_hash":"b18441a1ff607e10a989891a5462e627","sdk":"Windows 7","app_version":"3.0.3","device":"DESKTOP-ZRICW8M","last_check_time":1689005452.735491,"avatar":"5028407222232787723.png","first_name":"Corinna","last_name":"Buol","username":"Corinna_Buol","sex":0,"lang_pack":"en-us","system_lang_pack":"en-us","proxy":null,"twoFA":"7007","ipv6":false,"status":null,"status_time":null,"user_id":6092054973,"is_old":false}