{"success_registred":true,"server_address6":"2001:0b28:f23d:f001:0000:0000:0000:000a","last_check_time":0,"app_version":"9.6.3 (33442)","sex":0,"last_name":"Cortez","avatar":"img/default.png","register_time":1683719007594,"perfClass":2,"phone":"14405984075","timezoneOffset":28800,"ipv6":false,"session_file":"14405984075","app_hash":"014b35b6184100b085b0d0572f9b5103","lang_pack":"en","sdk":"SDK 24","app_id":4,"device":"LENOVOLenovo K33a42","first_name":"Russell","twoFA":"dJEMvImWZ","fcmToken":"eVRjCziQNyfrPnYIOUxH7g:APA91bEP5PlS-2ehAjPsdMcoB_zK3aQ-6oxLcs80HJrKDPQVGC-3d8AHMVkqCmdkex0q7klyvikSr2CMp0di-a6WqDaJ6B0XlojbmNclXz9vnN3iAp2Fa9JUsUzssRczs0BgIEUsaqPy","system_lang_pack":"en-us"}