{"session_file":"17748743978","phone":"17748743978","register_time":1688763595,"app_id":2040,"app_hash":"b18441a1ff607e10a989891a5462e627","sdk":"Windows 10","app_version":"4.3.5","device":"DESKTOP-3TUIDPK","last_check_time":1688763595.360135,"avatar":"5028571500436892727.png","first_name":"Divina","last_name":"Alborn","username":"Divina_Alborn","sex":0,"lang_pack":"en-us","system_lang_pack":"en-us","proxy":null,"twoFA":"7007","ipv6":false,"status":null,"status_time":null,"user_id":5970956522,"is_old":false}