{"session_file":"17748743804","phone":"17748743804","register_time":1688762848,"app_id":2040,"app_hash":"b18441a1ff607e10a989891a5462e627","sdk":"Windows 7","app_version":"3.0.2","device":"DESKTOP-4P23TQ9","last_check_time":1688762848.479473,"avatar":"5030918639934614314.png","first_name":"Bernardina","last_name":"Vickery","username":"Bernardina_Vickery","sex":0,"lang_pack":"en-us","system_lang_pack":"en-us","proxy":null,"twoFA":"7007","ipv6":false,"status":null,"status_time":null,"user_id":6319472871,"is_old":false}