{"session_file":"17748743797","phone":"17748743797","register_time":1688762892,"app_id":2040,"app_hash":"b18441a1ff607e10a989891a5462e627","sdk":"Windows 8.1","app_version":"3.2.4","device":"DESKTOP-0IFIAWV","last_check_time":1688762892.471739,"avatar":"5030800631413189380.png","first_name":"Verdell","last_name":"Tommasino","username":"Verdell_Tommasino","sex":0,"lang_pack":"en-us","system_lang_pack":"en-us","proxy":null,"twoFA":"7007","ipv6":false,"status":null,"status_time":null,"user_id":6321060642,"is_old":false}