{"session_file":"17748743934","phone":"17748743934","register_time":1688762895,"app_id":2040,"app_hash":"b18441a1ff607e10a989891a5462e627","sdk":"Windows 8.1","app_version":"3.3.2","device":"DESKTOP-EER01NL","last_check_time":1688762895.517813,"avatar":"5030618279986703073.png","first_name":"Andra","last_name":"Cofresi","username":"Andra_Cofresi","sex":0,"lang_pack":"en-us","system_lang_pack":"en-us","proxy":null,"twoFA":"7007","ipv6":false,"status":null,"status_time":null,"user_id":6185445874,"is_old":false}