{"session_file": "34614253124", "phone": "34614253124", "register_time": 1689057357, "app_id": 4, "app_hash": "014b35b6184100b085b0d0572f9b5103", "sdk": "SDK 33", "app_version": "9.5.1 (10617)", "device": "Coolpad E503", "last_check_time": 1690204383, "avatar": null, "first_name": "Hitchingham", "last_name": "Bertoli", "username": null, "sex": 0, "lang_pack": "uk", "system_lang_pack": "es-pr", "proxy": [2, "145.249.253.32", 52059, "True", "pr34serv1mart", "Ki49Fad2"], "ipv6": false, "twoFA": "_L7XfTo6"}