{"session_file":"17748743729","phone":"17748743729","register_time":1688763190,"app_id":2040,"app_hash":"b18441a1ff607e10a989891a5462e627","sdk":"Windows 11","app_version":"3.3.5","device":"DESKTOP-L4BMAEF","last_check_time":1688763190.599746,"avatar":"5028573033740217142.png","first_name":"Hyon","last_name":"Grossberg","username":"Hyon_Grossberg","sex":0,"lang_pack":"en-us","system_lang_pack":"en-us","proxy":null,"twoFA":"7007","ipv6":false,"status":null,"status_time":null,"user_id":6360638055,"is_old":false}