{"session_file": "22351305077", "phone": "22351305077", "register_time": 1686314534, "app_id": 6, "app_hash": "eb06d4abfb49dc3eeb1aeb98ae0f581e", "sdk": "SDK 15", "app_version": "9.2.2 (2965) ", "device": "ZTEZTEN882E atlas40", "last_check_time": 1688042534, "avatar": true, "first_name": "TGBOSS", "last_name": "Accounts", "username": "mirukas2", "sex": 1, "lang_pack": "en", "system_lang_pack": "en-US", "twoFA": "mirukas2_6241687064", "ipv6": false, "status": "ok", "status_time": 1688042534, "is_old": false, "proxy": []}