{"session_file":"17748743767","phone":"17748743767","register_time":1688762799,"app_id":2040,"app_hash":"b18441a1ff607e10a989891a5462e627","sdk":"Windows 8.1","app_version":"3.1.4","device":"DESKTOP-V74J9SG","last_check_time":1688762799.205428,"avatar":"5028391223479611172.png","first_name":"Wenona","last_name":"Kowis","username":"Wenona_Kowis","sex":0,"lang_pack":"en-us","system_lang_pack":"en-us","proxy":null,"twoFA":"7007","ipv6":false,"status":null,"status_time":null,"user_id":5835875413,"is_old":false}