{"session_file":"17754162327","phone":"17754162327","register_time":1688936348,"app_id":2040,"app_hash":"b18441a1ff607e10a989891a5462e627","sdk":"Windows 8.1","app_version":"4.2.5","device":"DESKTOP-1705MEC","last_check_time":1688936348.476905,"avatar":"5028656089817787560.png","first_name":"Georgette","last_name":"Ora","username":"Georgette_Ora","sex":0,"lang_pack":"en-us","system_lang_pack":"en-us","proxy":null,"twoFA":"7007","ipv6":false,"status":null,"status_time":null,"user_id":6318389766,"is_old":false}