{"session_file": "22351236220", "phone": "22351236220", "register_time": 1686314531, "app_id": 6, "app_hash": "eb06d4abfb49dc3eeb1aeb98ae0f581e", "sdk": "SDK 24", "app_version": "9.1.5 (2928) ", "device": "ZTEZTEN882E atlas40", "last_check_time": 1688042531, "avatar": true, "first_name": "TGBOSS", "last_name": "Accounts", "username": "othekhakho9", "sex": 1, "lang_pack": "en", "system_lang_pack": "en-US", "twoFA": "othekhakho9_6213101134", "ipv6": false, "status": "ok", "status_time": 1688042531, "is_old": false, "proxy": []}