{"session_file":"17748743911","phone":"17748743911","register_time":1688762463,"app_id":2040,"app_hash":"b18441a1ff607e10a989891a5462e627","sdk":"Windows 8","app_version":"3.2.3","device":"DESKTOP-HMW1K2N","last_check_time":1688762463.788455,"avatar":"5031014370460675190.png","first_name":"Fidelia","last_name":"Olynger","username":"Fidelia_Olynger","sex":0,"lang_pack":"en-us","system_lang_pack":"en-us","proxy":null,"twoFA":"7007","ipv6":false,"status":null,"status_time":null,"user_id":6356791345,"is_old":false}